{
  "hardware": {
    "timestamp": "2026-05-31T06:59:00.175277",
    "hostname": "dell-Precision-7960-Tower",
    "cpu_count": 32,
    "torch_version": "2.11.0+cu126",
    "cuda_version": "12.6",
    "mujoco_version": "3.9.0",
    "gpu_count": 4,
    "gpus": [
      {
        "id": 0,
        "name": "NVIDIA RTX A6000",
        "total_memory_gb": 47.40374755859375,
        "compute_capability": "8.6",
        "multi_processor_count": 84
      },
      {
        "id": 1,
        "name": "NVIDIA RTX A6000",
        "total_memory_gb": 47.40374755859375,
        "compute_capability": "8.6",
        "multi_processor_count": 84
      },
      {
        "id": 2,
        "name": "NVIDIA RTX A6000",
        "total_memory_gb": 47.39788818359375,
        "compute_capability": "8.6",
        "multi_processor_count": 84
      },
      {
        "id": 3,
        "name": "NVIDIA RTX A6000",
        "total_memory_gb": 47.40374755859375,
        "compute_capability": "8.6",
        "multi_processor_count": 84
      }
    ]
  },
  "test1_mujoco_stability": {
    "status": "DONE",
    "verdict": "PASS",
    "total_time_s": 0.057847505901008844,
    "steps": 1000,
    "mean_ms": 0.054625195439981615,
    "stdev_ms": 0.0016756882688574433,
    "min_ms": 0.05124276503920555,
    "max_ms": 0.06104493513703346,
    "raw_min_ms": 0.05124276503920555,
    "raw_max_ms": 1.8083038739860058,
    "p50_ms": 0.05383463576436043,
    "p95_ms": 0.05790591239929199,
    "p99_ms": 0.05924887955188751,
    "jitter_cv_percent": 3.067610569372834,
    "realtime_factor": 34.57365998496956
  },
  "test2_trajectory_batch": {
    "status": "DONE",
    "verdict": "PASS",
    "num_gpus": 4,
    "batch_size": 256,
    "seq_len": 128,
    "num_batches_per_gpu": 20,
    "mean_latency_ms": 130.02721665543504,
    "p95_latency_ms": 321.53090508654714,
    "mean_throughput_per_gpu": 275979.41102246044,
    "aggregate_throughput": 1103917.6440898417,
    "per_gpu_results": [
      {
        "gpu_id": 0,
        "latencies_ms": [
          321.53090508654714,
          114.91474602371454,
          157.03459596261382,
          187.45857244357467,
          159.42417224869132,
          112.14772798120975,
          123.02182102575898,
          123.86529985815287,
          126.45765673369169,
          109.57352397963405,
          104.38459785655141,
          98.31532509997487,
          115.84471585229039,
          149.53614072874188,
          102.98835719004273,
          135.81468909978867,
          112.23548371344805,
          111.17044929414988,
          103.46714034676552,
          48.58928173780441
        ],
        "throughputs": [
          101912.44288377122,
          285150.5236172021,
          208667.39458992385,
          174801.2884812895,
          205539.7217235292,
          292186.0352399671,
          266359.25014586526,
          264545.4379678975,
          259122.3089718199,
          299050.34364040755,
          313916.0438691426,
          333294.9361320718,
          282861.41287429415,
          219130.97288929674,
          318171.8875225259,
          241269.92608232528,
          291957.5780834252,
          294754.588184653,
          316699.58104746597,
          674387.4127800737
        ],
        "mean_latency_ms": 130.88876011315733,
        "p95_latency_ms": 321.53090508654714,
        "mean_throughput": 282188.95433634735,
        "gpu_memory_allocated_mb": 17.67822265625,
        "gpu_memory_reserved_mb": 30.0
      },
      {
        "gpu_id": 1,
        "latencies_ms": [
          326.59042021259665,
          116.47334415465593,
          150.8137029595673,
          148.93265161663294,
          184.30607905611396,
          131.01265486329794,
          133.46287095919251,
          105.76117411255836,
          114.60671480745077,
          109.76247303187847,
          104.49550580233335,
          97.07007510587573,
          90.42528597638011,
          152.02052565291524,
          110.49602180719376,
          122.14745813980699,
          112.19471180811524,
          94.35624303296208,
          111.53539502993226,
          91.08800906687975
        ],
        "throughputs": [
          100333.62270292376,
          281334.757216981,
          217274.68629813433,
          220018.91220165745,
          177791.20562823885,
          250113.24313816093,
          245521.4679895438,
          309830.1458446937,
          285916.9295189473,
          298535.54766831046,
          313582.8641471421,
          337570.563989566,
          362376.5150000111,
          215549.84012365583,
          296553.6628746454,
          268265.9180880748,
          292063.67637043865,
          347279.6176142043,
          293790.14608955476,
          359739.9958093351
        ],
        "mean_latency_ms": 130.37756585981697,
        "p95_latency_ms": 326.59042021259665,
        "mean_throughput": 273672.16591571097,
        "gpu_memory_allocated_mb": 17.67822265625,
        "gpu_memory_reserved_mb": 30.0
      },
      {
        "gpu_id": 2,
        "latencies_ms": [
          329.4107988476753,
          112.98365518450737,
          103.91459101811051,
          133.01661983132362,
          162.98545384779572,
          115.53586181253195,
          133.8733467273414,
          149.90748604759574,
          110.36420380696654,
          111.2421820871532,
          115.59950187802315,
          104.1730516590178,
          98.99052511900663,
          132.94244883581996,
          132.68627878278494,
          113.0566094070673,
          121.48490082472563,
          116.20262125506997,
          106.09677387401462,
          97.49101009219885
        ],
        "throughputs": [
          99474.57738066575,
          290024.2512643832,
          315335.8895892599,
          246345.15627861096,
          201048.61646488073,
          283617.56675316306,
          244768.66232931547,
          218588.14969117776,
          296907.86386963975,
          294564.52026739065,
          283461.4290516211,
          314553.51915058756,
          331021.5796977159,
          246482.59669466087,
          246958.46699901123,
          289837.10171261895,
          269728.9932950316,
          281990.1964868139,
          308850.10734549386,
          336113.0423103706
        ],
        "mean_latency_ms": 130.0978960469365,
        "p95_latency_ms": 329.4107988476753,
        "mean_throughput": 269983.6143316206,
        "gpu_memory_allocated_mb": 17.67822265625,
        "gpu_memory_reserved_mb": 30.0
      },
      {
        "gpu_id": 3,
        "latencies_ms": [
          325.5583322606981,
          100.24625808000565,
          101.13002778962255,
          146.71933511272073,
          184.23915095627308,
          115.70185190066695,
          130.66451903432608,
          135.44576102867723,
          126.5673628076911,
          89.13211012259126,
          123.18309815600514,
          89.75141728296876,
          91.35434310883284,
          117.17443773522973,
          152.48200483620167,
          119.94819110259414,
          126.0297098197043,
          90.98651632666588,
          106.09166463837028,
          102.48679993674159
        ],
        "throughputs": [
          100651.70125567634,
          326875.0437931374,
          324018.5008963528,
          223337.98047016218,
          177855.79139895778,
          283210.678668585,
          250779.6320085311,
          241927.09872302465,
          258897.70690559724,
          367634.06537701486,
          266010.5200349888,
          365097.29864976805,
          358691.21143986133,
          279651.4379189375,
          214897.48928209496,
          273184.6116126325,
          260002.18557098383,
          360141.275025347,
          308864.98116223136,
          319728.97992937185
        ],
        "mean_latency_ms": 128.74464460182935,
        "p95_latency_ms": 325.5583322606981,
        "mean_throughput": 278072.9095061628,
        "gpu_memory_allocated_mb": 17.67822265625,