{
  "hardware": {
    "timestamp": "2026-05-29T23:13:19.812153",
    "hostname": "dell-Precision-7960-Tower",
    "cpu_count": 32,
    "torch_version": "2.11.0+cu126",
    "cuda_version": "12.6",
    "mujoco_version": "3.9.0",
    "gpu_count": 4,
    "gpus": [
      {
        "id": 0,
        "name": "NVIDIA RTX A6000",
        "total_memory_gb": 47.40374755859375,
        "compute_capability": "8.6",
        "multi_processor_count": 84
      },
      {
        "id": 1,
        "name": "NVIDIA RTX A6000",
        "total_memory_gb": 47.40374755859375,
        "compute_capability": "8.6",
        "multi_processor_count": 84
      },
      {
        "id": 2,
        "name": "NVIDIA RTX A6000",
        "total_memory_gb": 47.39788818359375,
        "compute_capability": "8.6",
        "multi_processor_count": 84
      },
      {
        "id": 3,
        "name": "NVIDIA RTX A6000",
        "total_memory_gb": 47.40374755859375,
        "compute_capability": "8.6",
        "multi_processor_count": 84
      }
    ]
  },
  "test1_mujoco_stability": {
    "status": "DONE",
    "verdict": "PASS",
    "total_time_s": 0.05235005682334304,
    "steps": 1000,
    "mean_ms": 0.04469108877374845,
    "stdev_ms": 0.007809164126340358,
    "min_ms": 0.03144005313515663,
    "max_ms": 0.06560608744621277,
    "raw_min_ms": 0.03144005313515663,
    "raw_max_ms": 1.8671839497983456,
    "p50_ms": 0.04467600956559181,
    "p95_ms": 0.05770102143287659,
    "p99_ms": 0.062152277678251266,
    "jitter_cv_percent": 17.473649312673405,
    "realtime_factor": 38.20435203631325
  },
  "test2_trajectory_batch": {
    "status": "DONE",
    "verdict": "PASS",
    "num_gpus": 4,
    "batch_size": 256,
    "seq_len": 128,
    "num_batches_per_gpu": 20,
    "mean_latency_ms": 166.58472722047009,
    "p95_latency_ms": 283.7735959328711,
    "mean_throughput_per_gpu": 211046.49320381414,
    "aggregate_throughput": 844185.9728152566,
    "per_gpu_results": [
      {
        "gpu_id": 0,
        "latencies_ms": [
          277.5649926625192,
          157.34960604459047,
          161.51348687708378,
          155.78311402350664,
          154.57529621198773,
          147.29363890364766,
          156.01410530507565,
          162.29911986738443,
          155.969874933362,
          308.0587559379637,
          135.22931234911084,
          225.6696061231196,
          225.56150425225496,
          126.5550060197711,
          164.19505095109344,
          159.4029418192804,
          131.38633221387863,
          133.37059412151575,
          143.67134543135762,
          68.51230515167117
        ],
        "throughputs": [
          118055.23342722608,
          208249.6475441702,
          202880.89021901527,
          210343.7218173436,
          211987.30200109913,
          222467.17674912786,
          210032.2912208756,
          201898.81514314387,
          210091.85276323455,
          106369.31873671124,
          242314.32838618185,
          145203.42620761527,
          145273.01592808214,
          258922.98559000352,
          199567.52539246852,
          205567.09698087006,
          249401.8932399929,
          245691.34010263637,
          228076.09897170265,
          478279.0467706328
        ],
        "mean_latency_ms": 167.49879946000874,
        "p95_latency_ms": 308.0587559379637,
        "mean_throughput": 215033.65035960666,
        "gpu_memory_allocated_mb": 17.67822265625,
        "gpu_memory_reserved_mb": 30.0
      },
      {
        "gpu_id": 1,
        "latencies_ms": [
          278.7128840573132,
          154.98362621292472,
          154.59886705502868,
          152.3150741122663,
          162.93930960819125,
          121.92331720143557,
          164.30803388357162,
          167.07811504602432,
          160.7431541197002,
          308.9017481543124,
          145.09981032460928,
          214.1213519498706,
          167.7095303311944,
          159.6272410824895,
          175.76828878372908,
          158.8586471043527,
          155.68531909957528,
          116.57226085662842,
          150.07032174617052,
          87.33426919206977
        ],
        "throughputs": [
          117569.01770375905,
          211428.78638664438,
          211954.98145750575,
          215133.00762239602,
          201105.55321975352,
          268759.09179753007,
          199430.29701894763,
          196123.8310054763,
          203853.1605246388,
          106079.03709120705,
          225830.7569575263,
          153034.71466811746,
          195385.43775830412,
          205278.24560387348,
          186427.25730987114,
          206271.42807325444,
          210475.85083498983,
          281096.03227393166,
          218350.96785774812,
          375202.0862272864
        ],
        "mean_latency_ms": 167.8675584960729,
        "p95_latency_ms": 308.9017481543124,
        "mean_throughput": 209439.4770696381,
        "gpu_memory_allocated_mb": 17.67822265625,
        "gpu_memory_reserved_mb": 30.0
      },
      {
        "gpu_id": 2,
        "latencies_ms": [
          281.19564102962613,
          155.69142997264862,
          147.5538220256567,
          157.4583137407899,
          155.87571496143937,
          149.35580687597394,
          132.65429018065333,
          171.407135669142,
          121.26989802345634,
          102.73493686690927,
          283.7735959328711,
          124.23370312899351,
          195.70520473644137,
          166.30643513053656,
          155.49756726250052,
          157.25481789559126,
          160.08322034031153,
          185.57154014706612,
          128.47435986623168,
          142.54744397476315
        ],
        "throughputs": [
          116530.96712316261,
          210467.58967887043,
          222074.89816361578,
          208105.87400258298,
          210218.763122313,
          219395.55404906865,
          247018.01920899333,
          191170.57100382514,
          270207.2033874551,
          318956.73467391316,
          115472.33593837084,
          263760.9535471751,
          167435.50609259,
          197033.86687520467,
          210729.98489219623,
          208375.17373716453,
          204693.53334059892,
          176578.8006826437,
          255054.78318100396,
          229874.3427893474
        ],
        "mean_latency_ms": 163.73224388808012,
        "p95_latency_ms": 283.7735959328711,
        "mean_throughput": 212157.7727745048,
        "gpu_memory_allocated_mb": 17.67822265625,
        "gpu_memory_reserved_mb": 30.0
      },
      {
        "gpu_id": 3,
        "latencies_ms": [
          279.63435370475054,
          153.27294310554862,
          138.5056390427053,
          148.48803402855992,
          148.14831921830773,
          143.12912989407778,
          153.77998678013682,
          186.77366897463799,
          148.6659492366016,
          300.22869911044836,
          129.32102009654045,
          234.01675838977098,
          170.7498342730105,
          177.3328110575676,
          139.58571711555123,
          151.96509705856442,
          139.45388793945312,
          149.35416588559747,
          130.1599657163024,
          122.24016012623906
        ],
        "throughputs": [
          117181.59648795442,
          213788.5482986708,
          236582.42528231416,
          220677.7146345507,
          221183.7445939152,
          228940.1187881869,
          213083.6442771272,
          175442.2889473225,
          220413.6197176516,
          109143.46329011432,
          253384.94836754384,
          140024.1599168836,
          191906.4820151305,
          184782.49910199933,
          234751.8118409933,
          215628.46097069146,
          234973.7284788139,
          219397.9646011326,
          251751.7565379617,
          268062.47608118353
        ],
        "mean_latency_ms": 167.2403070377186,
        "p95_latency_ms": 300.22869911044836,
        "mean_throughput": 207555.0726115071,
        "gpu_memory_allocated_mb": 17.67822265625,